{
  "AntennaType New": [
  ],
  "AntennaType Found": [
  ],
  "BandRange New": [
  ],
  "PortName New": [
  ],
  "Pole New": [
    "1",
    "2",
    "3",
    "4",
    "5",
    "6",
    "N/A"
  ],
  "AntennaMount New": [
    "STK Top",
    "STK Bottom",
    "STKx2",
    "DTK Top",
    "DTK Bottom",
    "DTKx2",
    "None"
  ],
  "Technology New": [
    "G",
    "U",
    "L",
    "NR",
    "GU",
    "UL",
    "GL",
    "GUL",
    "LNR",
    "ULNR",
    "None"
  ],
  "RET New": [
    "Yes",
    "No",
    "FlexRET"
  ],
  "Feeder_Type New": [
    "1/2",
    "5/4",
    "7/8",
    "RRU TOP JUMPER",
    "N/A"
  ],
  "Feeder_Type Found": [
    "1/2",
    "5/4",
    "7/8",
    "RRU TOP JUMPER",
    "N/A"
  ],
  "TMA Type New": [
    "Yes",
    "No",
    "SASU",
    "SASU/SASA",
    "DCS/UMTS2100share",
    "78210440",
    "78211110",
    "78210510",
    "DTMA UMTS 12 ASIG",
    "78211106",
    "78210312",
    "TMA 900 Tower amplifier",
    "TMA900",
    "MI-15832",
    "MI-16331",
    "MI-12731",
    "MI-12031",
    "N/A",
    "Unknown",
    "None"
  ],
  "TMA_Type Found": [
    "Yes",
    "No",
    "SASU",
    "SASU/SASA",
    "DCS/UMTS2100share",
    "78210440",
    "78211110",
    "78210510",
    "DTMA UMTS 12 ASIG",
    "78211106",
    "78210312",
    "TMA 900 Tower amplifier",
    "TMA900",
    "MI-15832",
    "MI-16331",
    "MI-12731",
    "MI-12031",
    "N/A",
    "Unknown",
    "None"
  ],
  "Port occupancy": [
    "900",
    "1800",
    "2100",
    "2600",
    "3600",
    "1800&2100",
    "1800&2600",
    "2100&2600",
    "18&21&26",
    "Free",
    "N/A",
    "Yetel",
    "A1",
    "Yetel&A1"
  ],
  "Band_in_port": [
    "900",
    "1800",
    "2100",
    "1800&2100",
    "Free",
    "N/A"
  ],
  "Antenna #": [
    "1",
    "2",
    "3"
  ],
  "Antenna port #": [
    "1-2",
    "3-4",
    "5-6",
    "7-8",
    "9-10",
    "N/A"
  ],
  "External RET check": [
    "Yes",
    "No"
  ],
  "RET Current": [
    "Yes",
    "No",
    "FlexRET"
  ],
  "Project": [
    "Rollout",
    "VIP",
    "3G capacity"
  ],
  "Process": [
    "Standard",
    "Non standard",
    "Fast track"
  ],
  "Importance": [
    "City",
    "Strategic",
    "Resort",
    "Major Roads",
    "GSM fix",
    "Special Request",
    "Rural Coverage",
    "Memo",
    "Mobix",
    "GU to GUL",
    "GU900 to GU900/2100",
    "DAS"
  ],
  "Combiner_Splitter New": [
    "737304",
    "737306",
    "792542",
    "793006",
    "793525",
    "793533",
    "793554",
    "6320627",
    "7141775",
    "78210246",
    "78210249",
    "78210500",
    "78210504",
    "78210525",
    "78210526",
    "78210532",
    "78210534",
    "78210620",
    "78210621",
    "78210623",
    "78210631",
    "78210640",
    "78210641",
    "78210681",
    "78210805",
    "78211110",
    "86010017",
    "86010018",
    "86010019",
    "86010101",
    "86010103",
    "86010105",
    "86010136",
    "ACOMD2A06v06",
    "ACOMD2L13v06",
    "DCB-2-04-64F-01",
    "DCB-2BM-64F-02",
    "HAT073843500S-03",
    "MI20242",
    "MI54642",
    "MI21795",
    "MI50542",
    "None",
    "Unknown"
  ],
  "Sec_Combiner_Splitter New": [
    "737304",
    "737306",
    "792542",
    "793006",
    "793525",
    "793533",
    "793554",
    "6320627",
    "7141775",
    "78210246",
    "78210249",
    "78210500",
    "78210504",
    "78210525",
    "78210526",
    "78210532",
    "78210534",
    "78210620",
    "78210621",
    "78210623",
    "78210631",
    "78210640",
    "78210641",
    "78210681",
    "78210805",
    "78211110",
    "86010017",
    "86010018",
    "86010019",
    "86010101",
    "86010103",
    "86010105",
    "86010136",
    "ACOMD2A06v06",
    "ACOMD2L13v06",
    "DCB-2-04-64F-01",
    "DCB-2BM-64F-02",
    "HAT073843500S-03",
    "MI20242",
    "MI54642",
    "MI21795",
    "MI50542",
    "None",
    "Unknown"
  ],
  "RRU_Type New": [
    "3936-9",
    "2x3936-9",
    "3826",
    "2x3826",
    "3953-9",
    "3953-18",
    "3953-21",
    "5258",
    "5905-9",
    "5905-18",
    "5905-21",
    "5909-21",
    "3953-18 3953-21",
    "5905-18 5905-21",
    "3953-18 5905-21",
    "5905-18 3953-21",
    "AAU",
    "5304AC",
    "5304DB",
    "5513AC",
    "5513DB",
    "5519etAB",
    "5519etCD",
    "5515t",
    "5513AC 5304AC",
    "5513DB 5304DB",
    "3953-18 3953-21 5304AC",
    "3953-18 3953-21 5304DB",
    "None"
  ],
  "CabinetType": [
    "APM30",
    "OMB",
    "TMC",
    "VIRTUAL",
    "pico 3911B",
    "BTS3911E"
  ],
  "Collocation party": [
    "Yetel",
    "Bulsatcom",
    "A1",
    "Yetel&A1",
    "N/A"
  ]
}